family,primary,horizon,N,nonfamily_N,mean,median,win_pct,mfe_mean,mfe_median,mae_mean,mae_median,nonfamily_mean,nonfamily_median,mean_diff,cohens_d,ci_lo,ci_hi,welch_t,welch_p,perm_t,perm_p,null_p025,null_p50,null_p975,adj_p,reg_coef,reg_p,mde,mfe_diff,mfe_perm_p,mae_diff,mae_perm_p,ci_within_mde
flat_sideways_band,True,1,291,309,0.001939753288028537,-0.001217949924536832,48.10996563573883,0.06755367431444491,0.038430653605225906,-0.0632741379102804,-0.03869930549214029,0.010770904754740889,-0.000947510618887204,-0.008831151466712352,-0.05961817382966973,-0.032868554246068216,0.014625802558889777,-0.7423174173664409,0.4582632745512535,-0.7423174173664409,0.46285371462853714,-1.9704076075464585,0.010192073057494705,1.969948632948483,1.0,-0.0011960095797857815,0.9390901356117256,0.047575776768431964,-0.048538337169301685,9.999000099990002e-05,0.04514415771488789,9.999000099990002e-05,True
flat_sideways_band,True,3,291,309,-0.007357165749310278,-0.0014095147886306059,49.828178694158076,0.12874171339931603,0.07245931839114927,-0.13835253536438402,-0.07760165817221054,0.001731690272109264,0.00045447831569234154,-0.009088856021419543,-0.03467171517336856,-0.05136981907113574,0.03270394371763734,-0.42798303363154755,0.6688248818123905,-0.4279830336315473,0.6827317268273173,-1.9851349323187948,-0.0008617740503567925,1.9574563679774892,1.0,-0.028091667286061155,0.3442864818888649,0.08419399564116482,-0.0829974885385576,9.999000099990002e-05,0.057944779848947775,0.0006999300069993001,True
flat_sideways_band,True,6,291,309,0.0005255116115104474,-0.002679504470315397,49.48453608247423,0.19044280996833693,0.11226094227876349,-0.19781298258812988,-0.1357641043046809,0.008162125523491439,0.012258192558700642,-0.007636613911980991,-0.02142073159949098,-0.06462994250087001,0.050229252213247796,-0.2650916909140134,0.7910386578117161,-0.2650916909140137,0.8003199680031997,-1.956707864736193,-0.005548767406347263,1.971680692821028,1.0,-0.011585936601809295,0.7736009577177152,0.11450218069098728,-0.11263563995390483,9.999000099990002e-05,0.07912549878196504,0.0007999200079992001,True
flat_sideways_band,True,12,291,309,-0.019988444550483198,-0.010877140172171895,47.07903780068728,0.2720622951162549,0.15967385765245368,-0.31307068497404317,-0.2126311169236117,-0.010833115141979975,0.0024064492840869534,-0.009155329408503223,-0.017394772776940105,-0.09224518490490725,0.07609743508419252,-0.21518162638804597,0.8297052908312367,-0.21518162638804653,0.8322167783221678,-1.9192014514456435,0.004984520841918775,1.9933705086778357,1.0,-0.03587835266548132,0.5576087921738431,0.16904504208730337,-0.1401559139256227,9.999000099990002e-05,0.09863057955504201,0.0086991300869913,True
flat_sideways_band,True,24,291,309,-0.05441241126236251,0.00042061165346218843,50.171821305841924,0.40920983152275514,0.25451129836142616,-0.4602754053097864,-0.30449246928186957,0.010555347732254687,0.050921883573673554,-0.0649677589946172,-0.09078636079181615,-0.1781519938957345,0.04844535524118566,-1.1150745225172218,0.26526752329380443,-1.1150745225172218,0.2648735126487351,-1.9738749059412175,0.008837222144615176,1.987124621194799,0.9948005199480052,-0.12193591568911069,0.12409872911154785,0.22983941201979435,-0.17403128088012065,9.999000099990002e-05,0.10928960628405826,0.028997100289971003,True
upward_step_rise,True,1,106,494,0.0013102711188381407,-0.008941984877225417,39.62264150943396,0.10235973227237677,0.05149444961226601,-0.08639821501569038,-0.0603687934734809,0.007598763233672867,0.0004538310771518006,-0.0062884921148347265,-0.04243963007585126,-0.036321603407634837,0.0252828047829721,-0.40406820145382105,0.6867142298453456,-0.40406820145382105,0.6930306969303069,-2.0563885912495348,-0.022017918811933674,1.8810245321066392,1.0,-0.02588021167877291,0.1718524212044975,0.06236364363619887,0.011913539654746744,0.40045995400459955,0.00015202119565663197,0.9882011798820118,True
upward_step_rise,True,3,106,494,-0.01313090124127488,-0.009969258846764806,45.28301886792453,0.18052106515603794,0.10570736166984895,-0.1791687308289907,-0.10148593099606473,-0.00043313240362832133,0.004590350742272875,-0.01269776883764656,-0.04843981292244965,-0.0760405410890757,0.044561206956572966,-0.4102355316133179,0.6822597370477191,-0.4102355316133179,0.6881311868813119,-1.9254718641303041,0.004041578575826948,1.9923024103118019,1.0,-0.027287167490274836,0.48449212842923195,0.11032692390992294,0.010974467804896415,0.6178382161783822,-0.013329514788338381,0.6156384361563844,True
upward_step_rise,True,6,106,494,-0.01337196536327901,-0.02482754958753053,47.16981132075472,0.2374822430530837,0.15462451781517172,-0.2538095770672452,-0.17387477559056008,0.008284309704890625,0.00709437533281676,-0.021656275068169636,-0.06075880381974069,-0.10111379059845788,0.05088464362092317,-0.5446528825697508,0.5868159435610596,-0.544652882569751,0.5900409959004099,-1.8796530589169151,-0.0016602726750250798,2.0762360872262877,1.0,-0.06566046517580497,0.21726703869985087,0.1500137591595393,-0.013321362135442355,0.6205379462053795,-0.018518578064457503,0.6197380261973803,True
upward_step_rise,True,12,106,494,0.0028360652546538627,-0.015535225741331038,48.113207547169814,0.3460151476571771,0.2503141044123858,-0.3457356990760019,-0.2690226627191816,-0.01915929728756222,-0.0027261766301633905,0.021995362542216082,0.04179408227703872,-0.09999203047122487,0.13127219541627488,0.3774312876835653,0.7063926291653333,0.3774312876835656,0.7148285171482852,-1.806103240648636,0.02022378552514472,2.071876577898876,1.0,0.04165426756540454,0.584772080252542,0.22149956700654908,0.0021529030800322424,0.9563043695630437,0.022019920286098615,0.656934306569343,True
upward_step_rise,True,24,106,494,-0.04592789966236632,-0.047216874898586836,48.113207547169814,0.4988928154932922,0.3511947531227966,-0.5017346857231656,-0.3652621994576555,-0.015595246687995884,0.024117936575840382,-0.03033265297437044,-0.042348874731416464,-0.17807975152917224,0.10960595950066812,-0.41644745185737103,0.6776329647769253,-0.41644745185737103,0.684031596840316,-1.9206921064411981,0.022957301687772914,2.0259660279095995,1.0,-0.008077578633267454,0.9292777767265298,0.3014567909711196,6.907811814765852e-05,0.9989001099890011,0.018005911120944296,0.7787221277872213,True
downward_step_drop,True,1,90,510,0.0268587907545697,0.009552512322330564,53.333333333333336,0.1370279662160385,0.07455773267527332,-0.11717580873976724,-0.08598215333398551,0.0028929149178822866,-0.0019656607472828824,0.02396587583668741,0.16199030493764865,-0.01851618241881671,0.07223467630552353,1.0444207947868118,0.298756221091924,1.0444207947868123,0.29917008299170084,-2.067204938597584,-0.008920905612189497,1.8459205778465562,0.9979002099790021,0.037329223068033685,0.2574734935077184,0.06650754187795954,0.052325939128709656,0.023997600239976002,-0.03606168188978773,0.006299370062993701,False
downward_step_drop,True,3,90,510,-0.02352580215470961,-0.019544326208870144,46.666666666666664,0.22660132652513368,0.1430277546847547,-0.21241102055992217,-0.1447443069058585,0.001002900499914387,0.0037048817869034245,-0.024528702654624,-0.09360920417569318,-0.09006586449719943,0.04331985758363698,-0.7200429427431423,0.4730016782433627,-0.7200429427431425,0.47425257474252575,-1.9313176558594647,-0.004332375080392064,1.9447363473243795,1.0,0.021888348674933753,0.6473589513086908,0.11779385636656554,0.06484224297465938,0.0527947205279472,-0.05201991008627063,0.04459554044595541,True
downward_step_drop,True,6,90,510,-0.0349283223595097,-0.026908013980603274,44.44444444444444,0.31397909492243636,0.2000739735639634,-0.32717569917340916,-0.23490629049836564,0.011408960153067188,0.008687023742248723,-0.046337282512576884,-0.13010943840580866,-0.13450519235677713,0.04248085939947547,-1.0195976254967967,0.31009573777251187,-1.0195976254967967,0.3204679532046795,-1.8712660153105591,0.006218383249030398,2.0522965661590944,0.9984001599840016,-0.014462774187549161,0.8321649392815252,0.16009890917525152,0.07709285926804521,0.0453954604539546,-0.10425068789713798,0.0086991300869913,True
downward_step_drop,True,12,90,510,-0.011326546017515548,-0.020552413249563806,48.888888888888886,0.4257950774873236,0.30444905587657667,-0.44944300089197625,-0.3077488488176239,-0.015969962355854954,-0.0027261766301633905,0.004643416338339406,0.00882202139875007,-0.12036586858525668,0.13300538422225364,0.071329953526363,0.9432585636122772,0.07132995352636305,0.948905109489051,-1.8600064550399498,0.013456276398328068,2.073938739093365,1.0,0.12809262222872825,0.17418128872451433,0.23661165476932747,0.0959441019992624,0.034996500349965,-0.10067949111421937,0.049595040495950406,True
downward_step_drop,True,24,90,510,-0.022642119766588607,0.022774650124324225,51.11111111111111,0.5970244663523578,0.4441202134140232,-0.5979002383926186,-0.4255134343596034,-0.02065611460605455,0.021305289117967696,-0.0019860051605340573,-0.0027723958287775804,-0.16772908087197566,0.16472233499596894,-0.023213966192361105,0.981518677894509,-0.02321396619236135,0.9834016598340166,-1.8808809039144636,0.008517821756900417,2.014584697743745,1.0,0.04836138116426875,0.6912762830489441,0.3220266027731013,0.11551591197216532,0.07239276072392761,-0.0956949245253439,0.14288571142885712,True
rounded_turning_peak,False,1,18,582,0.014810319767845205,0.017919076067818285,55.55555555555556,0.10098494638951022,0.08308855881282717,-0.07630189414657676,-0.047052069204983615,0.006230398660154683,-0.0012054009939699295,0.00857992110769052,0.057899197579873385,-0.03981314301545151,0.059326354111496234,0.3323185666342899,0.7432621598737671,0.3323185666342899,0.7602239776022398,-2.2011352645813287,-0.033645516238379566,1.8579627740800062,,0.010343636158235567,0.6929478986342599,0.13943954663403965,0.008694874673066955,0.7316268373162683,0.010537613388526698,0.5488451154884512,True
rounded_turning_peak,False,3,18,582,0.019328381973496598,-0.05844075081493649,38.88888888888889,0.2052306693542295,0.17066709318329654,-0.16917241491237436,-0.15304734064255365,-0.003356965316993927,0.001510172819618738,0.022685347290490526,0.08653535858062486,-0.0983655468900508,0.16157598175257576,0.3318314883199153,0.7438730640348676,0.3318314883199153,0.7617238276172382,-2.045235259758097,0.017532573066030063,2.040793565289087,,0.014917113569060426,0.8345006816313781,0.24667608499294394,0.03478891686346011,0.5398460153984601,-0.0010085751812188015,0.9791020897910209,True
rounded_turning_peak,False,6,18,582,0.09538366512515507,0.04193776481810074,61.111111111111114,0.3259681259582635,0.25328213433026825,-0.2728677768364891,-0.2611016112176845,0.0016462451777587701,0.0008188204557613155,0.0937374199473963,0.26318443657155727,-0.07744849372838773,0.28668681793362744,0.988556588134152,0.33609300594151603,0.988556588134152,0.3471652834716528,-1.9136565741255658,0.05317903235527187,2.156509672243134,,0.08567049234366887,0.3776937483202164,0.33514134210178,0.07991542413779959,0.40635936406359363,-0.03536614677901778,0.5589441055894411,True
rounded_turning_peak,False,12,18,582,0.1417320584102661,0.08218191447318945,66.66666666666666,0.458339847795587,0.37419882248683756,-0.36532705502948204,-0.2611016112176845,-0.02012929036846601,-0.007653167915788739,0.1618613487787321,0.3079440907163293,-0.08183877800223684,0.4242676456282191,1.2192460053679812,0.2385307061333395,1.2192460053679812,0.24917508249175083,-1.8345923327059372,0.07190938759875826,2.2336313245486346,,0.14726300953246263,0.2838327054093437,0.4945913229005451,0.11762603815220252,0.30916908309169083,-0.0015068263758682976,0.9876012398760124,True
rounded_turning_peak,False,24,18,582,-0.10947928932324497,0.01576804116313335,50.0,0.580202034426009,0.47936384690232536,-0.5262686413937443,-0.3358908583206921,-0.01821612030972919,0.021618543296231252,-0.09126316901351578,-0.1274304231911254,-0.3688328698620024,0.17608160715123666,-0.6363681668764568,0.5323026144603029,-0.6363681668764568,0.5505449455054494,-1.9218771835445814,0.04333794768290712,2.1688849365837184,,-0.10625620045903576,0.4748206784418312,0.6739033762122932,0.08388257036081626,0.47685231476852313,-0.010009369946049507,0.9446055394460554,True
rounded_turning_trough,False,1,20,580,-0.0367796634663109,0.001170139138478854,50.0,0.08671607222522915,0.05449025695911658,-0.15518379794478732,-0.11292926831662498,0.00797977766440941,-0.0010701813411451155,-0.04475944113072031,-0.302478157738489,-0.12467364946026879,0.03301172218828112,-1.0837775303245563,0.2914498516019506,-1.0837775303245563,0.31196880311968805,-2.1992705265199284,-0.0357587989956594,1.8637333914523178,,-0.048976228848459515,0.26006246291409885,0.13232277457959254,-0.006036047308351181,0.8067193280671933,-0.07102801946000652,0.06259374062593741,True
rounded_turning_trough,False,3,20,580,-0.0715116425388651,-0.03807220627465857,50.0,0.16993807685176776,0.12090811393127288,-0.26992191663403614,-0.18856385168151135,-0.00030277601412107864,-9.716910822077374e-05,-0.07120886652474402,-0.2719275846376375,-0.20146395393363253,0.06079672602061614,-1.04155509535631,0.3100535270987276,-1.04155509535631,0.32386761323867613,-2.0086930810450867,0.015249645913767162,2.023382333212163,,-0.08354019009004016,0.2505103384641003,0.23416650308151857,-0.001600699805074629,0.9783021697830216,-0.10523567549735588,0.12108789121087891,True
rounded_turning_trough,False,6,20,580,-0.061316367447304954,-0.0853275633234285,30.0,0.2546431052837361,0.15976676841302773,-0.34930154691116827,-0.24905522257895885,0.006726462094231885,0.00709437533281676,-0.06804282954153684,-0.1909618963896662,-0.24381784954158828,0.11628388616899209,-0.7292039794081235,0.47433875923565716,-0.7292039794081235,0.49835016498350165,-1.9133518077076825,0.05115563836226862,2.1259312727120787,,-0.08791027112059832,0.37743579988274967,0.3186248244232707,0.006406490419798128,0.9375062493750624,-0.11455751632792383,0.125987401259874,True
rounded_turning_trough,False,12,20,580,-0.1413926984951397,-0.022320205995934872,40.0,0.323336488269409,0.1761617162033824,-0.46543743213476924,-0.3761426936960466,-0.01092451029855109,-0.0014688478315094677,-0.1304681881965886,-0.24812168747624955,-0.3800141131345716,0.09855461022968118,-1.0431841278360354,0.3091823932944322,-1.0431841278360354,0.32026797320267975,-1.8193631660835885,0.046022071337121745,2.1964107339587424,,-0.15729596902960105,0.23389899273007453,0.4702013459727876,-0.021627002605387913,0.7962203779622038,-0.1050744814033236,0.30896910308969106,True
rounded_turning_trough,False,24,20,580,0.03004191945377155,0.064412674638048,55.00000000000001,0.44500010210046453,0.3128119771565907,-0.5557818850510855,-0.4402367577583055,-0.022712495891648664,0.021305289117967696,0.05275441534542021,0.07364979495441198,-0.15186080564658375,0.27188761939776784,0.4766670886759259,0.6382718956392026,0.47666708867592594,0.6556344365563443,-1.930083291657104,0.03470989892981777,2.1698700356513,,0.03761918750889886,0.7571539838168636,0.6405178466570923,-0.055692247319537425,0.5518448155184481,-0.04057482672931978,0.7435256474352565,True
choppy_reversal,True,1,459,141,0.008569866879485265,-0.00045574333445985715,49.23747276688453,0.09960161768857159,0.05847320845697723,-0.09276721328373218,-0.06272049030170423,-0.0002900079549822528,-0.00430663221361316,0.008859874834467518,0.05980474294350313,-0.014632830768363025,0.032128381618424746,0.7425999517880925,0.4582570126040745,0.7425999517880923,0.46435356464353567,-1.9087330324884442,-0.0004873197273121887,2.041497542026501,1.0,0.009287832252730242,0.5072775154787627,0.05608529606301762,0.030002977582707743,0.007099290070992901,-0.026569507022487268,0.003999600039996,True
choppy_reversal,True,3,459,141,-0.0003146549715741927,-0.007713020384259028,49.23747276688453,0.1854299969229973,0.1083593472617439,-0.18096929238779394,-0.1142091761990649,-0.010364654659680662,0.005367840881875807,0.01004999968810647,0.03833754530333203,-0.03512190643424461,0.05825130883608427,0.4272153643730667,0.6695734689354376,0.42721536437306756,0.6714328567143286,-1.9675274776788456,0.017868047703433594,1.9721189665012495,1.0,0.00907924018811736,0.7307380375099841,0.09924275327200917,0.05933862521840036,0.0013998600139986002,-0.05436253362213542,0.0115988401159884,True
choppy_reversal,True,6,459,141,0.00557801729001651,0.0011792696193335672,50.108932461873636,0.271030808704789,0.1587921931585301,-0.25846076884380875,-0.17317028086664132,0.0008135512736937358,0.0036378683910376353,0.004764466016322774,0.013363792540772615,-0.05221778637203563,0.06569010904066003,0.15977354390618237,0.8731666657095128,0.15977354390618095,0.8701129887011299,-1.99095110759574,-0.005004329852958567,1.90977564010775,1.0,-0.002208734311944835,0.9504790066892396,0.13497134223127683,0.09608784749017482,0.00019998000199980003,-0.08467299737432724,0.0036996300369963003,True
choppy_reversal,True,12,459,141,-0.018681921424442735,-0.0073885020313912975,48.5838779956427,0.3710676138637375,0.24992556368590435,-0.39815214496595563,-0.27707955374927096,-0.004177787299597236,-0.0004318600428043773,-0.014504134124845499,-0.027558138041085218,-0.09973287686381034,0.08094421937495294,-0.31960925187922734,0.7495006538953544,-0.31960925187922784,0.7494250574942506,-2.033744574196087,-0.02065824714498292,1.857561694165496,1.0,-0.0297267008036954,0.5805943678133632,0.19925030469011284,0.11414903436505058,0.00039996000399960006,-0.14590090008964213,0.0008999100089991,True
choppy_reversal,True,24,459,141,-0.030208556724834933,0.018356396498164784,51.85185185185185,0.5230767358685533,0.3628395442904164,-0.5616582084666439,-0.3876828511349184,0.009172470273889654,0.023831920915839966,-0.03938102699872459,-0.05498954101873094,-0.15470600170107685,0.07786668684133861,-0.6652224313498661,0.5064051148253588,-0.6652224313498666,0.5034496550344966,-2.04720505207637,-0.02427697743493174,1.9028042970928758,1.0,-0.06511965063961006,0.3429653216219537,0.27112152657007577,0.10315231784057854,0.029397060293970604,-0.19190917413007502,0.0005999400059994001,True
flat_end_cluster,True,1,104,496,0.015252905585983339,-0.0019022649693722915,48.07692307692308,0.07814510826945001,0.03587892127629999,-0.06633919731166474,-0.04531957215323512,0.004649950796550346,-0.0008814336395934763,0.010602954789432992,0.07157391559006424,-0.013862972644521878,0.03682942662183785,0.8112266857592939,0.4182329150787214,0.8112266857592939,0.42555744425557446,-2.041458803629754,0.010607172760661298,1.9012623323045335,0.9999000099990001,0.011180343107321696,0.39780166061741784,0.06281850293283282,-0.017426382686111214,0.19238076192380762,0.024416348977963215,0.0044995500449955,True
flat_end_cluster,True,3,104,496,0.008011107070499872,0.007457818315648179,52.88461538461539,0.14836098643623627,0.09323227575445125,-0.12898925900450242,-0.07303676558590988,-0.004917334827216762,-0.0029386058110925095,0.012928441897716633,0.049319970334065794,-0.03318182371532295,0.059410908646938924,0.5452597217185515,0.5862283571218878,0.5452597217185516,0.5824417558244176,-1.9163118626190971,0.010851916781180181,1.9986920788489777,1.0,0.016665020897100792,0.49848612441153284,0.11115751537173493,-0.02797310511343179,0.1558844115588441,0.047425207236398814,0.015598440155984402,True
flat_end_cluster,True,6,104,496,0.050680016420127504,0.02408632715610315,57.692307692307686,0.2172330649418993,0.14023952878020607,-0.1705446645466878,-0.10266125202906262,-0.005233268229808197,-0.011239844046811998,0.0559132846499357,0.15710597089565598,-0.00453729916166611,0.11567760661635855,1.8175917031957092,0.07062241503897645,1.817591703195709,0.07549245075492451,-1.9026120268450462,0.02621020602079159,2.084670406942028,0.7252274772522748,0.06293486245418199,0.05454834147597725,0.15091686128099616,-0.03776262048713541,0.1508849115088491,0.08227977812196055,0.0020997900209979003,True
flat_end_cluster,True,12,104,496,0.08586626717271625,0.01430741292715032,52.88461538461539,0.3072604467036779,0.18698597371240577,-0.22012094007088742,-0.14403125780614312,-0.03648016477625991,-0.013254054209249633,0.12234643194897617,0.23335278294605266,0.04016745984776727,0.20456239794299458,2.8676968288279387,0.004530282507548691,2.8676968288279387,0.004199580041995801,-1.8717432222278152,0.02419680594352879,2.1796538251292326,0.0795920407959204,0.13356155282400084,0.002565219934187047,0.222327801334725,-0.04473646461807179,0.20857914208579142,0.1738844677911319,9.999000099990002e-05,True
flat_end_cluster,True,24,104,496,0.11945309403417033,0.11856901268937348,65.38461538461539,0.46117077364511094,0.3529193745888115,-0.3075442500072831,-0.21617737228308287,-0.0503942157411986,0.0016216936737478704,0.16984730977536894,0.23806496105566916,0.0613818700410588,0.2809509720685534,2.95018228321325,0.0035081383386262946,2.9501822832132505,0.0033996600339966003,-1.8714249413410828,0.014493117950321302,2.0985067740587064,0.06329367063293671,0.18198538044101556,0.0022973381165203653,0.3025371018146513,-0.04556270265835449,0.38676132386761325,0.25284109178079833,9.999000099990002e-05,True
