family,primary,horizon,N,nonfamily_N,mean,median,win_pct,mfe_mean,mfe_median,mae_mean,mae_median,nonfamily_mean,nonfamily_median,mean_diff,cohens_d,ci_lo,ci_hi,welch_t,welch_p,perm_t,perm_p,null_p025,null_p50,null_p975,adj_p,reg_coef,reg_p,mde,mfe_diff,mfe_perm_p,mae_diff,mae_perm_p,ci_within_mde
sideways_range,True,1,357,92,-0.08692976066631829,-0.016534209278995515,48.4593837535014,0.3515218816316237,0.25310470047257283,-0.4554598321672085,-0.26928133563542955,0.05302405931788607,0.0727824271708255,-0.13995381998420436,-0.20239234787348057,-0.3128621514029536,0.018924732589274518,-1.644765879282524,0.10237741559023994,-1.6447658792825233,0.10188981101889812,-2.1440091056699497,-0.039224700447513236,1.7997180341104133,0.6846315368463154,-0.31492961656459917,0.002441033874601102,0.3053600268419066,-0.2610932142773411,0.0004999500049995,0.16631631386107487,0.036896310368963105,False
sideways_range,True,3,357,92,-0.15278190298385458,-0.008403815332147513,49.299719887955185,0.6372881510241709,0.3922484240018731,-0.8649652215336587,-0.48984766698042526,0.07233853594535807,0.06411386595444046,-0.22512043892921263,-0.18844657990142763,-0.4892777383080239,0.030768526795954435,-1.671113809001709,0.0968051560758828,-1.6711138090017073,0.09529047095290472,-2.0259409304588756,0.0011956175390410964,1.9239213721571118,0.6652334766523348,-0.5929319609310324,0.0019447769650854634,0.5275312405011456,-0.4191765213253539,0.0008999100089991,0.21500883142267968,0.066993300669933,True
sideways_range,True,6,357,92,-0.08346194043767859,-0.03910142404863759,47.33893557422969,0.9436089369822059,0.6195323683791942,-1.1336839577939606,-0.6935054738954061,0.1953351199124929,0.09043387669993574,-0.2787970603501715,-0.16978204803680863,-0.7341650280354071,0.16582814457813067,-1.2137332911408227,0.22728486130936332,-1.213733291140823,0.22597740225977403,-1.9887610580034338,-0.014545665445622264,1.932898653651084,0.9376062393760624,-0.6526966579529098,0.018855891976287214,0.7251334493027313,-0.6671066998451122,0.00039996000399960006,0.45482893629071697,0.027497250274972504,False
sideways_range,True,12,357,92,-0.08621565059502151,-0.057876178432603176,47.89915966386555,1.4185515661807822,0.9187372813243,-1.6485805524306993,-1.0188278360147907,0.1776075006620801,0.0012682014130793728,-0.2638231512571016,-0.10341598477512866,-1.0153779281945865,0.4762552972562746,-0.687528389369285,0.49318380906988324,-0.6875283893692855,0.4961503849615039,-1.955193208777115,0.01040496892330061,2.0191465229235956,0.9999000099990001,-0.8312172680311566,0.04917692770022455,1.126540341351246,-1.0280977885797427,0.0004999500049995,0.8069826316644897,0.010798920107989201,True
sideways_range,True,24,357,92,0.11191158218938017,0.05809804118179773,52.10084033613446,2.235808841715995,1.4301759273337433,-2.275775805362716,-1.4815243831808211,-0.12497827889886794,-0.03547300409852405,0.2368898610882481,0.06907889961056052,-0.6398208267044021,1.1123405672208424,0.5233218917117561,0.6016862513425171,0.5233218917117548,0.6009399060093991,-1.9847146961557902,-0.005309227403337943,2.003896632092059,1.0,-0.3460281536917964,0.546057010448493,1.5143371586710266,-0.8591857899750233,0.017298270172982702,1.570437893361627,0.006299370062993701,True
tight_compression,False,1,5,444,-0.08894504063285513,-0.0609612810723803,20.0,0.056881582634606964,0.059265272985586925,-0.18362417866943703,-0.15904423609385265,-0.0579076258951933,0.003892969515828515,-0.031037414737661834,-0.04473515290284507,-0.14895998336588548,0.08508662750835429,-0.4836984210489644,0.6425716621977962,-0.48369842104896427,0.6992300769923008,-1.8842849792776046,0.16445873211851403,2.692010659860088,,-0.0687469907055809,0.35537531197972116,1.1784459405551688,-0.35205871613327905,0.0007999200079992001,0.30935880472008614,0.09919008099190081,True
tight_compression,False,3,5,444,-0.044148862654493914,-0.010699065020614018,40.0,0.10613752310953295,0.07132710013730836,-0.3160556253000002,-0.15904423609385265,-0.10735867059682583,0.004226493969561318,0.06320980794233191,0.052760173960586965,-0.10307682216754219,0.23502772881625297,0.691347559333012,0.5040497778027153,0.6913475593330117,0.5805419458054195,-1.9654410172674153,0.07598469905254983,2.719586519359375,,-0.03903211466635419,0.735045043268503,2.034938568913279,-0.6239884502153267,0.0004999500049995,0.5996423900896377,0.12478752124787522,True
tight_compression,False,6,5,444,-0.1261172460764004,-0.019948960772064872,20.0,0.25335212456363276,0.32392936878424816,-0.4520733596918092,-0.15904423609385265,-0.02521282764396378,-0.027516553656775633,-0.10090441843243662,-0.06130570155260792,-0.41428262319114806,0.22499742165522207,-0.5542498518863062,0.5993479068108345,-0.554249851886306,0.6541345865413458,-2.1931794200868273,-0.0017364318389660534,2.2968587526951363,,-0.19467193274516378,0.378117643234159,2.7956472261300314,-0.8362592909047064,0.0035996400359964,0.7835302267716482,0.0882911708829117,True
tight_compression,False,12,5,444,-0.5121763306055427,-0.3368739602074733,40.0,0.37523312464417646,0.3409063818628155,-0.9789427964520581,-0.9672069175728604,-0.026752737721809878,-0.017255039166880204,-0.4854235928837328,-0.19015281943828002,-1.221976748408219,0.07993291314010431,-1.3076152593896497,0.24768858689538553,-1.3076152593896495,0.25677432256774324,-2.294844767334743,-0.005935113775255707,2.1647754795287213,,-0.6905880332758246,0.1070840198747689,4.336018859257485,-1.2680967945929555,0.006399360063993601,0.8443913390710431,0.14238576142385762,True
tight_compression,False,24,5,444,-0.5676153512434823,-0.24162303191712642,40.0,0.5128217143270764,0.5420859610435036,-1.2497442143449256,-0.9672069175728604,0.07047862598903219,0.059046951768060296,-0.6380939772325145,-0.18603608525309764,-1.5430618342156996,0.2655952212061592,-1.2291374646588782,0.2744572716701529,-1.2291374646588782,0.292970702929707,-2.3876700064753433,0.013694611559500254,2.3144068007854357,,-1.0222111272362355,0.09459397903221922,5.825866179559245,-1.9204196235930784,0.0046995300469953,1.362992050802382,0.09469053094690531,True
choppy_volatile,False,1,8,441,0.4642816680829956,0.0855329825415918,50.0,0.9749479203503275,0.5472591901288903,-0.4886297967188674,-0.3840711290589771,-0.06773234568093892,-0.0015651575070330104,0.5320140137639345,0.7707928724803261,-0.13943699302011528,1.4892911543955658,1.1488287750153219,0.2880143520820143,1.1488287750153219,0.3094690530946905,-1.7578517021608135,0.12621271803375583,2.440286266832027,,0.6159153100601363,0.18454557371713076,0.9299736264337287,0.5802669289595979,0.3227677232276772,0.0009246866020952704,0.9946005399460054,False
choppy_volatile,False,3,8,441,0.667665903435942,-0.08832002292115115,50.0,1.749059869741415,1.2257819742013454,-0.8833285632573545,-0.8304494208175028,-0.12070140881122601,0.0,0.788367312247168,0.6605455608796137,-0.3124632570834427,2.2163496233425555,1.1117173413049706,0.3025396875704276,1.1117173413049706,0.3301669833016698,-1.824657495561957,0.043152747688597545,2.474223728342852,,0.9513016604773091,0.18774114331587188,1.608092702015545,1.0444926570115873,0.24197580241975802,0.026157986523689503,0.9144085591440856,False
choppy_volatile,False,6,8,441,1.3345276742357803,1.3603549474815069,50.0,2.769887965245241,2.686194507654238,-1.1520756094981195,-1.2382926676475559,-0.05102336303444027,-0.02341866302523199,1.3855510372702207,0.8470830362865996,-0.1402338826168871,2.9162940121494985,1.6735268792098554,0.13739490480288663,1.6735268792098554,0.12378762123787622,-2.0115356751657707,0.029705653212605505,2.146339637495599,,1.5965575555409413,0.06436470490028891,2.2038487897714423,1.720239154885153,0.1436856314368563,0.07615966105119854,0.795920407959204,False
choppy_volatile,False,12,8,441,0.1536306082021086,1.4641926768864,62.5,3.2324023917891633,3.328808595367505,-2.6082195161656356,-1.6152516765483738,-0.035528666818884724,-0.02638722594392462,0.18915927502099333,0.07408727984745327,-2.26809307417898,2.3343211081511495,0.15030068655197373,0.8846908644611327,0.15030068655197376,0.8996100389961004,-2.1601294647315994,-0.035536924286990804,2.034146183362205,,0.5369443848225353,0.6863107315343884,3.4400855373172035,1.632276698750174,0.16628337166283372,-0.8086972621402566,0.47055294470552944,True
choppy_volatile,False,24,8,441,-1.218029776393001,-0.08336797665941531,50.0,3.7657633337227714,3.528816987675365,-3.767884119471687,-2.090274696763145,0.08661830248085464,0.041215868109212295,-1.3046480788738557,-0.38078125567617627,-4.418191777632309,1.4333678920174804,-0.8083470912422499,0.44497274720133995,-0.8083470912422498,0.4734526547345265,-2.2021621413346057,-0.020117509619022818,2.1167527061313725,,-0.9034051852025382,0.6035527819359108,4.616396123686878,1.3784681955404547,0.28657134286571345,-1.1915563420536475,0.46455354464553544,True
drift_up,True,1,70,379,0.09301831817601897,0.03987072472202424,55.714285714285715,0.5090202448229336,0.35792629389818087,-0.3906470734405859,-0.28727747278365356,-0.0861925946515869,-0.014522922011905859,0.17921091282760587,0.2594457689325781,0.0316895070261375,0.34533843398080455,2.2384331256284113,0.027244176672938963,2.238433125628412,0.025697430256974303,-1.7860579702214454,0.037073960870774275,2.1301108942299476,0.2638736126387361,0.11114451001415825,0.11959382945967079,0.33938978981822054,0.12320894290074613,0.10828917108289171,0.11715575077433349,0.057194280571942806,False
drift_up,True,3,70,379,0.1490310566043243,0.04407794002565524,52.85714285714286,0.899564664526018,0.5555893429502357,-0.7624339132575795,-0.615683138987394,-0.153879071294369,-0.010699065020614018,0.3029101278986933,0.2539051329011872,0.009745515882694298,0.6047337095170939,1.9957220678314374,0.04873473710262445,1.9957220678314374,0.04509549045095491,-1.8869981998793899,0.001654767553011175,1.9879263079950484,0.41575842415758424,0.20291770742447454,0.16396207024668186,0.5861695136454442,0.2089654738796748,0.145985401459854,0.17366060661436966,0.0841915808419158,False
drift_up,True,6,70,379,0.2700920116552955,-0.08461049115227048,47.14285714285714,1.3846218633348533,0.8008537980008335,-1.1237866112415145,-0.9716295832754018,-0.0810858113988723,-0.016651402880707433,0.3511778230541678,0.2140027346147468,-0.07513033163655593,0.7848218560219217,1.5926362818127997,0.11461083710963305,1.5926362818127995,0.11748825117488251,-1.9702919214524963,0.00937009355542234,1.9750030490048862,0.7253274672532747,0.12734687131362252,0.6100145729586817,0.806285171763191,0.3605303101493098,0.0710928907109289,0.12213237662478682,0.3892610738926107,True
drift_up,True,12,70,379,0.46264168880521134,0.05992565021721852,54.285714285714285,2.0097610089943556,1.1903882787560272,-1.5420001161085026,-1.3763137943232528,-0.1235462148228921,-0.057876178432603176,0.5861879036281035,0.23038281205173813,-0.019694705032863226,1.2681830578094688,1.7783408425102418,0.07849422580612707,1.7783408425102425,0.0744925507449255,-1.9965170539471597,0.0003316717598244691,1.940835104209277,0.57994200579942,0.21458814347294672,0.5851007358019942,1.2501660209828196,0.4508391643112353,0.12518748125187482,0.3221557203741412,0.11258874112588742,False
drift_up,True,24,70,379,0.5694645309481087,0.3993840647067759,58.57142857142858,3.0071035758710836,2.158077347765197,-2.278436198229515,-1.635676252400442,-0.03010048544447154,0.013671027526318547,0.5995650163925802,0.17512342012009954,-0.257556664742226,1.4636050854123002,1.3440652490260996,0.1820913389016754,1.3440652490260996,0.18268173182681732,-2.005734278619765,-0.007886414500289,1.9512605890452706,0.8808119188081192,0.6541846505424228,0.2183162312466015,1.682181946579034,0.7051879761423021,0.0827917208279172,0.37806271712949036,0.22087791220877911,True
drift_down,True,1,73,376,-0.1797872453844113,-0.05385545384604118,46.57534246575342,0.3861945837129913,0.3531741526973775,-0.6089749498259546,-0.3497593709753999,-0.03465755900948958,0.005951920511715336,-0.1451296863749217,-0.20980611108106334,-0.3124541468969317,0.012451748475917606,-1.7537125441945918,0.0822922937905601,-1.753712544194592,0.0852914708529147,-1.7713268238383404,0.03481198207520065,2.1205849767944067,0.6009399060093991,-0.02682901732700265,0.7976971569975223,0.3341429549087899,-0.022480139571758817,0.6006399360063993,-0.14262549721690992,0.142985701429857,True
drift_down,True,3,73,376,-0.28935941049137953,0.023965388933033793,53.42465753424658,0.6713743426051458,0.5369667500393582,-1.1376162220119703,-0.6432692391617589,-0.07118286460742669,-0.009551440176380765,-0.21817654588395285,-0.18251988448293027,-0.5244247817668282,0.06306891063106508,-1.4439001380152823,0.15180035027574112,-1.4439001380152823,0.1518848115188481,-1.8867603100611279,-0.009459646631390994,2.040812887161307,0.8276172382761724,0.016439980673374897,0.9235301919263178,0.5774203193265345,-0.061860478569348065,0.4333566643335666,-0.27297735830817915,0.10388961103889612,True
drift_down,True,6,73,376,-0.13860413903761631,0.0640541276556661,53.42465753424658,1.0304357089868363,0.7304033004967625,-1.4115317181855782,-0.7386505104158059,-0.004539839240840227,-0.040565672376985384,-0.1340642997967761,-0.08148767097516792,-0.5685182098622225,0.3076698191606679,-0.5993093404355236,0.5503678087214101,-0.5993093404355234,0.5509449055094491,-1.9199195631738926,9.504153937568683e-05,2.0289121955059213,1.0,0.2726518009483793,0.28732181881875607,0.7947223464944924,-0.05954413764806166,0.6806319368063194,-0.22050367626885747,0.2880711928807119,True
drift_down,True,12,73,376,-0.4556342409965876,-0.10903619483818572,45.20547945205479,1.564256277638149,1.1556379280703633,-2.234401506494425,-1.0631735800672226,0.05005904891287123,-0.01222637408420657,-0.5056932899094588,-0.1985867416441921,-1.253574485312217,0.2397974151420793,-1.338587217646421,0.184046750189943,-1.338587217646421,0.1872812718728127,-2.0305122815962537,0.0040140421730852725,1.9649062524339131,0.8837116288371163,0.07628146477256233,0.8400995075699963,1.2300736825542127,-0.0775627157047305,0.7177282271772822,-0.5021042719720203,0.130986901309869,False
drift_down,True,24,73,376,-0.19294278408151747,0.022857142857146684,50.68493150684932,2.1843373892045412,1.6411401605325837,-3.0539528911412934,-1.6559315516246897,0.11313632026825439,0.049656954645505014,-0.30607910434977187,-0.0892687882392576,-1.0714579521931915,0.46539841969587065,-0.7737138973195339,0.44070913482741714,-0.773713897319534,0.4443555644435556,-1.9954080925403694,0.002974131341026323,1.9959354595811012,0.999000099990001,-0.04438884083662654,0.9207320599432333,1.6562589124081684,-0.2716908905727258,0.3207679232076792,-0.5450032588439138,0.3344665533446655,True
stair_step_up,False,1,24,425,-0.22155552497152656,-0.21839780182464907,33.33333333333333,0.3136827888843813,0.2852244854109398,-0.6954620326862897,-0.4565159621241377,-0.049031478826619915,0.009941480828756788,-0.17252404614490663,-0.24905292959999842,-0.34056032484864895,-0.005736576919312322,-1.993166446072397,0.05476044904952537,-1.9931664460723975,0.05449455054494551,-1.6698392737331613,0.08500022562953899,2.259648606874021,,-0.43596224056168376,0.005163045682516535,0.5489179501580815,-0.09649489025182872,0.09969003099690031,-0.2175526756655261,0.12998700129987,True
stair_step_up,False,3,24,425,-0.16726871916622196,-0.12470361760268944,37.5,0.6106884055128362,0.47342698166692454,-0.9494259682968664,-0.8117998938443172,-0.10323187011358546,0.010151658527202123,-0.0640368490526365,-0.05345354914455285,-0.37425637191260663,0.24908839725523677,-0.3920733553232416,0.6977388279808183,-0.3920733553232422,0.7092290770922908,-1.8350934281776157,-0.0008418432760946504,2.161998678961783,,-0.34022091132983917,0.16190763659008012,0.9492986441000418,-0.11884123693299253,0.3388661133886611,-0.042687206601867644,0.7882211778822118,True
stair_step_up,False,6,24,425,0.06031535761091137,-0.18595322161338856,41.66666666666667,1.1048259379659948,0.7298762469536313,-1.2174450451801848,-1.0971913715634884,-0.031229765381091276,-0.016651402880707433,0.09154512299200265,0.05562256456464307,-0.5206923973103353,0.7206701637038199,0.2852265666394637,0.7777171329148941,0.2852265666394638,0.7808219178082192,-1.9059872160622497,-0.000714428917726308,1.9788984648184542,,-0.37271275572556284,0.2937809753820607,1.3041683497019276,0.025912040131696346,0.9191080891910809,0.009965962123132277,0.9626037396260374,True
stair_step_up,False,12,24,425,0.6407178564152122,-0.02085101963145153,50.0,1.8909095745319162,1.0407763762516176,-1.5500113400642046,-1.3561246400129012,-0.07015606060112091,-0.020777152058448767,0.7108739170163331,0.27896180238872603,-0.1318028521935883,1.723632316472676,1.4605385052237867,0.15598216324082093,1.460538505223787,0.15228477152284772,-2.055998700260754,-0.034600883613326854,1.90365983617433,,0.14317673381963547,0.8061561431871361,2.019283478094815,0.2764794098831125,0.5612438756124387,0.27882347874279856,0.31466853314668536,True
stair_step_up,False,24,24,425,-0.048594082507252834,-0.2064556000932416,45.83333333333333,2.504271219519371,1.6478550060272434,-2.5559342174681614,-1.9042677032288846,0.06969574391314576,0.05809804118179773,-0.11828982642039859,-0.03448180170043779,-1.4344605942081308,1.2007988688051832,-0.17342245250043514,0.8636616395493615,-0.17342245250043525,0.8679132086791321,-2.0634582087899087,-0.01210883151859868,1.9389075721874998,,-0.2592593303348595,0.7584269878190983,2.71835953756044,0.09763415283767918,0.8624137586241376,0.04397449212688098,0.9391060893910609,True
stair_step_down,False,1,1,448,-0.12327533070978225,-0.12327533070978225,0.0,0.1137926129628708,0.1137926129628708,-0.18491299606466782,-0.18491299606466782,-0.05810811555785787,0.00047395522316251437,,,,,,,,,,,,,,,,,,,,
stair_step_down,False,3,1,448,-0.19439571381157927,-0.19439571381157927,0.0,0.1137926129628708,0.1137926129628708,-0.2844815324071881,-0.2844815324071881,-0.10645892487600796,0.004226493969561318,,,,,,,,,,,,,,,,,,,,
stair_step_down,False,6,1,448,0.2797401735337379,0.2797401735337379,100.0,0.4314636574842323,0.4314636574842323,-0.2844815324071881,-0.2844815324071881,-0.027019691691597476,-0.027516553656775633,,,,,,,,,,,,,,,,,,,,
stair_step_down,False,12,1,448,0.08060310084869737,0.08060310084869737,100.0,0.4314636574842323,0.4314636574842323,-0.2844815324071881,-0.2844815324071881,-0.032410045317767866,-0.023582189001186693,,,,,,,,,,,,,,,,,,,,
stair_step_down,False,24,1,448,0.3461191977620848,0.3461191977620848,100.0,0.843961879474664,0.843961879474664,-0.2844815324071881,-0.2844815324071881,0.06274177228828305,0.03782596687975648,,,,,,,,,,,,,,,,,,,,
sharp_rally,False,1,12,437,0.1576059917420556,0.03456452957947276,66.66666666666666,0.6107679644097086,0.5728754073474729,-0.25551954335736776,-0.11660032800154818,-0.06418073913394687,-0.011142575010658629,0.22178673087600248,0.32009189599016286,-0.054924493266608185,0.5110141548218652,1.4729685197463496,0.16616210779403628,1.4729685197463496,0.1653834616538346,-1.7159148821659083,0.11594949252420272,2.341290959963744,,0.14588325982349784,0.4281580938791878,0.7657360215721616,0.2113979758669216,0.14978502149785022,0.24044460080283142,0.14138586141385862,True
sharp_rally,False,3,12,437,0.28698357149937276,0.06619242004524128,58.333333333333336,1.1057667308933115,0.9532721579109338,-0.5314678393987396,-0.4264357921712536,-0.11746406616992133,-0.007124288518522981,0.4044476376692941,0.33808422202534966,-0.00623731641812576,0.966510295403835,1.5170213486038602,0.1549444533605019,1.5170213486038602,0.15028497150284972,-1.8318290307860758,0.0231166797611347,2.308869397170386,,0.303544874939201,0.35668837012559207,1.322073489745246,0.3930952915316054,0.23017698230176983,0.3879202221269227,0.0654934506549345,True
sharp_rally,False,6,12,437,0.8855371784608147,0.6595540498472663,66.66666666666666,1.7573554764378738,1.3668478578471976,-0.7512368564910008,-0.774873132081294,-0.05137649392638834,-0.034235583609709686,0.936913672387203,0.5716463006474105,0.15065541751663417,1.8265153896953796,2.063869983809443,0.061961976232033686,2.063869983809443,0.044295570442955706,-1.959231728285044,0.015100839473941504,2.054950734051165,,0.7442552731084473,0.14708010030527618,1.8112999548735276,0.6956484664298503,0.130986901309869,0.48870254147316916,0.062493750624937505,False
sharp_rally,False,12,12,437,0.9501092785493417,1.3538555537177088,58.333333333333336,2.5911873290500806,2.105713775751461,-1.4998969249274887,-1.2451112826906863,-0.05913136966614056,-0.02638722594392462,1.0092406482154823,0.39607554900705955,-0.39343185875725917,2.437164396739558,1.3215229948515759,0.21183808741394505,1.3215229948515759,0.21407859214078592,-2.1175963971574157,-0.020057959004355787,1.971620018968069,,0.6980732214149321,0.43001940254784,2.81601457306982,0.9883946475491503,0.16398360163983602,0.3226575534601255,0.49195080491950804,True
sharp_rally,False,24,12,437,0.966119609157194,0.11977941094141742,50.0,4.435812960672828,2.4483286303897844,-2.586707725128192,-1.2451112826906863,0.038583519160243857,0.041215868109212295,0.9275360899969501,0.2706296620462973,-1.9676117677784764,4.089178437477896,0.569670210664698,0.5801314053065691,0.569670210664698,0.5987401259874012,-2.088422744803531,-0.02430578886493078,1.9941514423495847,,1.1350992146778482,0.5194877558376474,3.7876829463807717,2.07953491243459,0.1668833116688331,0.011148407813663663,0.9896010398960104,False
sharp_drop,False,1,12,437,-0.22682135370380255,-0.23432073298260692,33.33333333333333,0.3419371497123902,0.35570382104335163,-0.8300158439750108,-0.7204977543412705,-0.053624381821932444,0.005272871078298991,-0.1731969718818701,-0.2498346785356219,-0.3978841087217658,0.051762588158465364,-1.43050478284855,0.17636566587454816,-1.43050478284855,0.18788121187881213,-1.712083627669364,0.11441487810970387,2.4227551257888846,,0.011893820400810265,0.9358486050175865,0.7661358251717768,-0.0648149206985153,0.41975802419758024,-0.34982734193703513,0.25077492250774924,True
sharp_drop,False,3,12,437,-0.23263186532237654,-0.23035680305377726,33.33333333333333,0.6667133324948652,0.5745505449054944,-1.3395101192869454,-1.2501827810464994,-0.10319545005582295,0.0085976834401702,-0.12943641526655358,-0.10805323445737733,-0.5387896079072401,0.3019601713049187,-0.5773043101385539,0.5738918324681346,-0.577304310138554,0.6038396160383962,-1.8563796826452998,0.04714505001986433,2.2752902521107976,,0.25768813986497846,0.432463859818242,1.323844276380935,-0.05801449309288531,0.7624237576242375,-0.44231086178567325,0.15848415158484153,True
sharp_drop,False,6,12,437,-0.7638788168646559,-0.37776571589855923,33.33333333333333,1.0994238987545149,0.7775161851164891,-2.375117923516092,-1.3157371375577542,-0.006083606182897141,-0.016651402880707433,-0.7577952106817587,-0.46167831846094876,-2.5191974647923834,0.7058678587957601,-0.8688592004626787,0.4032077435491713,-0.8688592004626787,0.42785721427857215,-2.0333727230103307,0.004993896297070951,2.0949677826991224,,-0.3020778200720304,0.75685119437888,1.81397197718954,0.019650117734591577,0.9567043295670433,-1.1797702253329316,0.26817318268173185,False
sharp_drop,False,12,12,437,-1.299417262701246,-0.37419584488462276,41.66666666666667,1.7682501452202237,1.3187673341505946,-3.598228448520596,-2.434076796769541,0.002640526203440789,-0.020777152058448767,-1.3020577889046867,-0.5116886301250995,-3.8312881155395297,0.8800315527084742,-1.0295438330685611,0.32495216149771033,-1.0295438330685611,0.35566443355664434,-2.1392505830940696,-0.009871533341239795,1.953777396349974,,-0.47002728041274155,0.701290779873964,2.8121772457693086,0.14285964631435455,0.8266173382661733,-1.8332940577373693,0.19818018198180182,False
sharp_drop,False,24,12,437,-2.7355694338830285,-0.9576470937824377,25.0,1.8881042116619602,1.3187673341505946,-6.118250513459366,-3.723827214316022,0.14023173086844212,0.06299421447872877,-2.8758011647514707,-0.8460816679611187,-5.7428637340933655,-0.38320131847688627,-1.9915724069872633,0.07119956845319313,-1.9915724069872633,0.06059394060593941,-2.1138009203367534,-0.01589072812814921,2.017893404485568,,-2.483518318570856,0.11268291453837875,3.756338892974231,-0.5381338022241735,0.44985501449855014,-3.6173703838584124,0.11768823117688232,False
v_reversal,False,1,4,445,-0.23505183688153353,-0.1982672728956414,50.0,0.317086514719811,0.3094609187283215,-0.6078336583331317,-0.559191073905041,-0.056664053377761744,-0.0015651575070330104,-0.17838778350377177,-0.25718819951504696,-0.7783409764606644,0.4126814921912095,-0.5203981542548877,0.6381420933638013,-0.5203981542548877,0.6918308169183082,-2.0640847764721335,0.19559604398962707,3.0574898564309017,,-0.09443559713584371,0.8140075798401253,1.3156901053168322,-0.08872372012790852,0.5195480451954805,-0.11935898218714752,0.758024197580242,True
v_reversal,False,3,4,445,0.3663956092040177,0.5418506297204972,75.0,0.9582956339018067,0.9294099214795293,-0.7711513513246143,-0.7358625066628821,-0.11090691347208811,-0.007124288518522981,0.47730252267610584,0.3986710195930053,-0.04971541694998275,0.8892329090179368,1.6884296472536993,0.1826209985116267,1.688429647253699,0.1685831416858314,-2.0408915686105775,0.09969003076689939,3.1173620038304635,,0.6549298668133904,0.1315523723491122,2.271007666055886,0.23723173000028286,0.5920407959204079,0.13910840497696042,0.7470252974702529,True
v_reversal,False,6,4,445,0.6548134946613743,0.7091863490642392,75.0,1.1123637321750035,1.0899001461658453,-0.7711513513246143,-0.7358625066628821,-0.032459181309994194,-0.03161444428831928,0.6872726759713684,0.41787535999446257,0.15256827932764463,1.1926343565372781,2.2471111118604106,0.09897130209126095,2.247111111860411,0.068993100689931,-2.393328965168911,-0.003688823688076652,2.5545217454764324,,0.9357345282514145,0.07909780076580933,3.119764784641086,0.032353003720934526,0.9432056794320568,0.4598233762774885,0.3528647135286471,True
v_reversal,False,12,4,445,0.23694592103613576,0.2205112651830876,50.0,1.3721266294778545,1.6094259407715472,-0.7711513513246143,-0.7358625066628821,-0.034577260417204145,-0.04325259515570723,0.2715231814533399,0.10634663470808313,-0.06431440681794602,0.6206190805787543,1.4356871813068783,0.1862230053663626,1.4356871813068783,0.22577742225777422,-2.4079181620030856,-0.05236274997879378,2.384460358954602,,0.7649813855486529,0.15557677744722076,4.8430917831799505,-0.2593927935482043,0.5948405159484051,1.0521530638421694,0.1538846115388461,True
v_reversal,False,24,4,445,-0.09647340451446884,-0.1880288172370792,50.0,1.6367495550137057,1.6094259407715472,-1.5112087149851516,-0.9386872639598198,0.06480972314824886,0.041215868109212295,-0.16128312766271768,-0.047013504730076774,-1.1454398159044858,0.8354235564366059,-0.28102453905747266,0.794294816422468,-0.28102453905747277,0.8267173282671733,-2.631553925842589,-0.02419879132837704,2.472343833560149,,0.30450669153455817,0.7311559357704821,6.507375176790614,-0.782073511027034,0.08349165083491651,1.0961144039748227,0.3872612738726127,True
inverted_v,False,1,0,449,,,,,,,,-0.058253254121670615,-0.0015651575070330104,,,,,,,,,,,,,,,,,,,,
inverted_v,False,3,0,449,,,,,,,,-0.10665477518544128,0.0,,,,,,,,,,,,,,,,,,,,
inverted_v,False,6,0,449,,,,,,,,-0.026336484864814984,-0.02341866302523199,,,,,,,,,,,,,,,,,,,,
inverted_v,False,12,0,449,,,,,,,,-0.03215834566038153,-0.020777152058448767,,,,,,,,,,,,,,,,,,,,
inverted_v,False,24,0,449,,,,,,,,0.06337290241183273,0.041215868109212295,,,,,,,,,,,,,,,,,,,,
rounded_top,False,1,18,431,-0.10684769657448394,-0.0044347171840208865,50.0,0.47123876282528543,0.3741296096709035,-0.6264413436199479,-0.43779893023057626,-0.0562237878475392,-0.0015651575070330104,-0.050623908726944736,-0.07297245303112095,-0.4537013343401152,0.3314960602372505,-0.24076617398371064,0.8124770644222019,-0.24076617398371064,0.8413158684131586,-1.6779106655991982,0.07182787975458697,2.350719461319456,,-0.02664483721013793,0.8995066328824758,0.6303349378891088,0.0689844639035701,0.5404459554044595,-0.14262087648970095,0.4467553244675532,True
rounded_top,False,3,18,431,-0.0910671956454581,-0.12521235133226005,44.44444444444444,0.8091900421795652,0.6592021216654587,-0.958462757766935,-0.7492731188965096,-0.10730576458618304,0.008452987939122636,0.01623856894072495,0.013553902511851961,-0.37964448658761524,0.44328652407351615,0.07555022835651398,0.9405352530653562,0.07555022835651393,0.9503049695030497,-1.83929157173589,0.011282792196103952,2.230091974780341,,0.056654101834375366,0.8037592900200561,1.0885742243120602,0.08960489365856039,0.6798320167983202,-0.05150714913655341,0.8328167183281672,True
rounded_top,False,6,18,431,-0.04363072214925959,-0.1415984252529645,44.44444444444444,1.0601149964208356,0.6592021216654587,-1.2465175965390356,-0.9379649242778565,-0.025614219734606165,-0.019948960772064872,-0.018016502414653423,-0.010945942081688968,-0.6695789573795625,0.6690370046667375,-0.05097554665497309,0.9598809171608157,-0.05097554665497309,0.9627037296270373,-1.9232453700737075,0.018165680211268506,2.0906312134617697,,0.044557777535796234,0.8993343401747423,1.4955191870414233,-0.021026904171242533,0.9422057794220577,-0.020459493405551754,0.9498050194980502,True
rounded_top,False,12,18,431,-0.3949187583373513,-0.05686714889128752,50.0,1.8003632900841344,1.2702251943566445,-2.068206768620205,-1.6436949588773286,-0.01700825882004403,-0.020777152058448767,-0.37791049951730726,-0.14807030381020675,-1.66474107089052,0.8416906140816071,-0.5759521670430038,0.5716820860363239,-0.5759521670430038,0.5954404559544045,-2.083770173909068,-0.007810364925941775,1.984460717791556,,-0.2335342832240707,0.7221741245496685,2.3189727296705462,0.17830270877788612,0.6658334166583342,-0.26489505558226156,0.6375362463753624,True
rounded_top,False,24,18,431,-0.7262612806718489,-0.1346509523160455,44.44444444444444,2.4854338918866645,1.9759525370859232,-3.5850065703831024,-2.2542400028473186,0.09635066411834373,0.05809804118179773,-0.8226119447901926,-0.2400532532996964,-2.513028208239639,0.794110273076343,-0.9488347334806639,0.35507047083568044,-0.948834733480664,0.37776222377762225,-2.0503240514575403,-0.018571746249590966,1.9775390289978376,,-0.6949715880676745,0.45218943528893707,3.1135946058872146,0.07665093932466016,0.8746125387461254,-1.0286875343500785,0.24077592240775922,True
rounded_bottom,False,1,13,436,-0.034431538460242786,0.013895321908274916,61.53846153846154,0.4458943011182719,0.3714498423912138,-0.35331835233232733,-0.2342153784820833,-0.05896353463451135,-0.011027658363943482,0.024531996174268565,0.03535893169030189,-0.17635270311473267,0.2253789931726583,0.2297893553779039,0.8214073192035141,0.2297893553779039,0.8538146185381462,-1.7024056883809178,0.1299512000788546,2.338854806587188,,0.021430725619330585,0.8656953711572029,0.737510777037629,0.04209321246786618,0.658034196580342,0.14028125073642317,0.23827617238276172,True
rounded_bottom,False,3,13,436,-0.20605860722138386,-0.0688362438709289,38.46153846153847,0.7311501301555173,0.7019394627931552,-0.8429856377500069,-0.6428589506719651,-0.10369089945959899,0.008525335689646418,-0.10236770776178487,-0.08545211480772064,-0.5835336925637745,0.30125665718545097,-0.4319653693691132,0.6725544090283795,-0.4319653693691134,0.7055294470552945,-1.8099348237849437,0.03259663647248888,2.326723037022097,,-0.10521488495313774,0.6949706829453426,1.2734291322063622,0.008210524467986091,0.9627037296270373,0.06800377433428018,0.7989201079892011,True
rounded_bottom,False,6,13,436,-0.0969443259991154,-0.08065224921544045,46.15384615384615,1.3090574863161395,0.8700237279198442,-1.3860196902427757,-0.8172621717247197,-0.024231205197966576,-0.02168381189864843,-0.07271312080114882,-0.04417803641887475,-1.1672677478612916,0.9489777856006506,-0.12950253583395535,0.8990237905058334,-0.1295025358339553,0.9094090590940906,-1.9551544571169965,0.022684064615863607,2.0939091000108423,,-0.09512026437818354,0.8729424856079684,1.7496089575655616,0.2355793171219862,0.4791520847915208,-0.1638864259880095,0.7436256374362564,True
rounded_bottom,False,12,13,436,1.0697146250136913,0.3334305839203022,61.53846153846154,3.2137162915817976,1.4717363498945257,-2.4913600610216537,-1.923232978982392,-0.06501235625387454,-0.034819910549815924,1.1347269812675658,0.44565726922091564,-1.0642348210107804,3.826925358837405,0.8778461301151194,0.39698268764900657,0.8778461301151185,0.420957904209579,-2.099898392644154,0.004498781277583359,1.9777039780208574,,1.1946005833819642,0.3738043325559085,2.706605777006053,1.6317522136599074,0.1944805519448055,-0.6976275166151493,0.2890710928907109,False
rounded_bottom,False,24,13,436,0.6357346691277059,-0.2842751273737898,46.15384615384615,4.035871521292758,3.3660623747928664,-2.8676531479867533,-2.5849175322598894,0.04630706991801079,0.049656954645505014,0.5894275992096951,0.17188619864706506,-1.0516456278639794,2.5514647234397696,0.6072368149551612,0.5543817210989671,0.6072368149551614,0.5726427357264273,-2.09951484701079,0.0251364288535698,2.03439432120628,,0.7891874773284686,0.464694234416702,3.6452227994215383,1.6724381891106983,0.19858014198580143,-0.27814825836908996,0.6497350264973503,True
range_breakout_up,False,1,4,445,-0.004395666568751677,-0.07726729119527098,50.0,0.5277941190637625,0.42493419712343883,-1.0282091085960066,-0.9882919746456553,-0.0587373672682137,-0.0015651575070330104,0.05434170069946202,0.07832558018342134,-0.30025948008695796,0.44984248619149997,0.24192848187206778,0.8238109146711238,0.24192848187206784,0.8545145485451455,-2.1008488637204663,0.17591305759264098,2.9160287740987774,,0.0024192370671064227,0.9921205274673295,1.3160401619399702,0.12387788515396625,0.7094290570942906,-0.5435130881827224,0.33806619338066196,True
range_breakout_up,False,3,4,445,0.32902544003262923,0.26355516584728456,75.0,0.8992689890393368,0.532463152790652,-1.0670035707303822,-1.0027136648677493,-0.11057100183908689,-0.007124288518522981,0.4395964418717161,0.3671374267235963,-0.550822948421317,1.4935147099852017,0.746705130131111,0.5085147428026064,0.7467051301311111,0.5621437856214379,-1.9964643758481497,0.09923291890819352,3.155506016501706,,0.365552614923924,0.5875877931953124,2.2712505541737094,0.1776745085547795,0.7252274772522748,-0.1594031602212188,0.7057294270572942,True
range_breakout_up,False,6,4,445,0.8017917335649827,1.3271438455714546,75.0,2.342665957255863,2.2570030985974987,-1.656064063165555,-1.5463735065322115,-0.03378033401924012,-0.03161444428831928,0.8355720675842228,0.508232514432056,-1.3440918294403954,2.4865621492288956,0.7527864741507921,0.505773747425881,0.7527864741507924,0.5566443355664433,-2.3726886603343282,0.03691122213131376,2.4200534620860887,,0.6966327755240492,0.5739880746371706,3.118609553787423,1.2737141252070148,0.24297570242975702,-0.4330436071305619,0.5861413858614138,True
range_breakout_up,False,12,4,445,0.8692053287080281,1.228565621684663,75.0,2.577368788471129,2.399249923359048,-1.656064063165555,-1.5463735065322115,-0.040260491047962706,-0.02638722594392462,0.9094658197559908,0.35639032963261663,-0.9105427948036924,2.367517082720694,0.9456058417841802,0.412113524249924,0.9456058417841802,0.45015498450154984,-2.48185143472616,-0.00947565937427737,2.401906148968864,,0.6661004458089809,0.4932265912760361,4.840609042659554,0.9566830028292794,0.39186081391860816,0.15928608043411918,0.8489151084891511,True
range_breakout_up,False,24,4,445,-0.8141152117849746,1.477068191823816,75.0,3.1446656392984105,2.905850157492329,-5.971579337997604,-2.5141871511014937,0.07126043602259051,0.03443606565030066,-0.8853756478075651,-0.2581578394070412,-6.614310150255669,2.9158181205017595,-0.30034978225126024,0.7834116775951776,-0.3003497822512603,0.8165183481651834,-2.543728250191938,0.021893472405762553,2.48057989294064,,-0.9342312360815557,0.7882366341989278,6.505516642519721,0.739396875138882,0.3377662233776622,-3.4043494381208874,0.5062493750624938,False
range_breakdown,False,1,0,449,,,,,,,,-0.058253254121670615,-0.0015651575070330104,,,,,,,,,,,,,,,,,,,,
range_breakdown,False,3,0,449,,,,,,,,-0.10665477518544128,0.0,,,,,,,,,,,,,,,,,,,,
range_breakdown,False,6,0,449,,,,,,,,-0.026336484864814984,-0.02341866302523199,,,,,,,,,,,,,,,,,,,,
range_breakdown,False,12,0,449,,,,,,,,-0.03215834566038153,-0.020777152058448767,,,,,,,,,,,,,,,,,,,,
range_breakdown,False,24,0,449,,,,,,,,0.06337290241183273,0.041215868109212295,,,,,,,,,,,,,,,,,,,,
spike_and_retrace,False,1,3,446,0.34680764820897253,0.25893735321864675,66.66666666666666,0.4833795464585178,0.31413717657919893,-0.10044827905325941,-0.01037087590410879,-0.060977879025239955,-0.006238949612130673,0.40778552723421246,0.5884249000246163,-0.02651019545743678,0.9243046626692767,1.415791327642825,0.28949728777341255,1.4157913276428251,0.26507349265073493,-2.454169792680657,0.19835138341274863,3.6520053020598606,,0.3792907146521865,0.25376017751418634,1.5162200931520464,0.0788868067124665,0.8376162383761624,0.3917069242676726,0.1638836116388361,True
spike_and_retrace,False,3,3,446,0.30712446011278427,0.2548514591116158,100.0,0.7834162580261225,0.67676791114617,-0.10044827905325941,-0.01037087590410879,-0.10943804358430828,-0.007764051925335247,0.4165625036970926,0.34783262262163855,0.20058422461990333,0.6557683037631429,2.9765120130863303,0.06219179003395565,2.97651201308633,0.06409359064093591,-2.429873503473565,0.13375348165161982,3.9212630934290136,,0.3529342772221486,0.02230604536364704,2.620181315828038,0.06064412574426825,0.8853114688531147,0.8140110306380847,0.059494050594940506,True
spike_and_retrace,False,6,3,446,0.6461242288791932,0.37821658120054114,66.66666666666666,1.0934070707935801,1.0669729524870109,-0.15364083610980664,-0.1699485470737505,-0.030859763208384537,-0.027516553656775633,0.6769839920875778,0.4115333986171708,-0.07431983176013991,1.6790965827381343,1.2393698775490287,0.33657546712729236,1.2393698775490287,0.3227677232276772,-2.700865340163455,0.016092658958923423,2.817614003117347,,0.6013258429403042,0.32855514788362694,3.599107300318759,0.013196290797212518,0.9828017198280172,1.0804565555491725,0.024397560243975602,True
spike_and_retrace,False,12,3,446,0.6747745268244657,0.4482137194390834,66.66666666666666,1.1774313154591247,1.0669729524870109,-0.17103714407798268,-0.22213747097827863,-0.036913499511176444,-0.023582189001186693,0.7116880263356421,0.2788028531767498,-0.02794159692024579,1.6159361691797949,1.379816611232636,0.2892056942965592,1.379816611232636,0.2645735426457354,-2.831466826426114,-0.0494748397449263,2.674015817556361,,0.5705454113304816,0.3057848697282951,5.584881042094245,-0.4548161191106739,0.5562443755624438,1.653944826151352,0.0110988901109889,True
spike_and_retrace,False,24,3,446,0.047903362529500004,-0.20999141471563787,33.33333333333333,1.1774313154591247,1.0669729524870109,-0.5143787611893899,-0.5777664338585065,0.06347695761283492,0.049656954645505014,-0.015573595083334918,-0.0045396078991735275,-0.5717914225239957,0.6317245738374566,-0.04194141705960237,0.9691291328475721,-0.04194141705960249,0.9744025597440256,-2.9980585579219383,-0.008050953546061662,3.001578538926694,,-0.1720644048826904,0.7466464951113463,7.505714096729585,-1.24272780710098,0.25537446255374463,2.097191836374648,0.058994100589941006,True
terminal_spike_up,False,1,15,434,-0.31069235006627444,-0.10565395395247812,46.666666666666664,0.48233859374782045,0.29729729729730536,-0.8506584287746288,-0.3082777144717608,-0.04952840057519813,0.00047395522316251437,-0.2611639494910763,-0.37728722076580967,-1.0423594455936307,0.29187385889402684,-0.7243620369273921,0.4805951231323803,-0.724362036927392,0.5373462653734626,-1.6905784476064745,0.08747057628191991,2.297326301202798,,-0.31966484352119123,0.40149263705719396,0.6865942729878673,0.07999107840243547,0.5362463753624638,-0.3736015414781403,0.4066593340665933,False
terminal_spike_up,False,3,15,434,-0.14882176916930726,0.3287134424403204,66.66666666666666,0.7489064138098008,0.7676455435342566,-1.1560458802220082,-0.5582705209972616,-0.10519739060074548,-0.009551440176380765,-0.04362437856856177,-0.036412764655769786,-0.7897408872541014,0.5798983592098499,-0.11945631187896784,0.9065297811988063,-0.11945631187896792,0.9129087091290871,-1.7963244358687238,0.027764411817041184,2.234403812492952,,-0.13238685600228964,0.7314159633433088,1.1883233844477261,0.026618341080219432,0.8733126687331267,-0.2555631411524939,0.5591440855914409,True
terminal_spike_up,False,6,15,434,-0.0181942496295461,0.20607934054610588,53.333333333333336,1.108396286699677,1.2114738295599725,-1.2857285796816809,-0.8234971177600858,-0.026617898525020098,-0.027516553656775633,0.008423648895474,0.005117785708776361,-0.7130689748614539,0.6991600669318685,0.02246725387770849,0.9823648444660096,0.022467253877708333,0.9832016798320168,-1.9652313041142055,0.02444306035789888,2.0619475685634274,,-0.1361998629343346,0.7265843054058375,1.6325902698689874,0.02906844156081645,0.9097090290970903,-0.0608842697899552,0.8935106489351065,True
terminal_spike_up,False,12,15,434,-0.18765665622575275,-0.2348428509922118,46.666666666666664,1.2700992838266025,1.2114738295599725,-1.7646455456136012,-1.0254804493326497,-0.026783980087845632,-0.017255039166880204,-0.16087267613790712,-0.06300939454061408,-0.7905352527738835,0.4621555953296487,-0.4915309539852636,0.6286577742651783,-0.4915309539852634,0.6478352164783522,-2.065508190497562,-0.02239846652222833,1.9870993828400099,,-0.43211897543872096,0.19687342742505087,2.532421687559736,-0.3715209016736476,0.2106789321067893,0.05098898657606066,0.9203079692030797,True
terminal_spike_up,False,24,15,434,0.09998888037102024,0.19800432483130237,66.66666666666666,1.870192016311873,1.5120391813095102,-2.4416568516877906,-2.025474880312117,0.06210737321969487,0.029433275439949558,0.03788150715132538,0.011042249167588654,-0.8151171931115854,0.9110224823475807,0.08460135716187148,0.933470167000161,0.08460135716187149,0.9404059594040596,-2.076921839624212,-0.02187789975092773,2.024117723414132,,-0.09736714583088855,0.8374044127242335,3.4027398793921977,-0.5603849015763891,0.1728827117288271,0.16128962301684613,0.7935206479352065,True
terminal_spike_down,False,1,12,437,0.36736084741059344,0.08729329920582618,66.66666666666666,0.7804862169064563,0.43578314010493946,-0.5592246291888916,-0.3202267924688196,-0.06994059787084032,-0.011142575010658629,0.4373014452814338,0.6335854723233089,0.05244140726246773,0.9001201703769557,1.9110321601531883,0.08130759664358868,1.9110321601531883,0.07729227077292271,-1.6815072111694978,0.12984005722678538,2.3880145300257545,,0.5183026185532102,0.04070755896608853,0.7627705186292202,0.3857766838098043,0.18338166183381663,-0.0716002127860797,0.7549245075492451,False
terminal_spike_down,False,3,12,437,0.44866082040834665,0.04459315541425202,58.333333333333336,1.3653205144996352,0.589341470988014,-0.9619219696674276,-0.6252857410986579,-0.12190371602554533,-0.007124288518522981,0.5705645364338919,0.4776507235656069,-0.3753080024664683,1.8881761681724805,0.9248422674095915,0.3745783174028803,0.9248422674095915,0.4066593340665933,-1.797430237370567,0.0377909129385777,2.3174172332698624,,0.7148600608556255,0.2802310836179486,1.3201173274348643,0.659776410156867,0.2950704929507049,-0.05435415885852557,0.8486151384861513,False
terminal_spike_down,False,6,12,437,0.4791385855320231,-0.13370176644569853,41.66666666666667,1.797079779801584,1.1456786284711917,-1.288160479268513,-1.1118640235273647,-0.04021680716404164,-0.02341866302523199,0.5193553926960648,0.3159453128016341,-0.5779407981481346,2.0129609546952345,0.737369977550078,0.4759682158623637,0.7373699775500782,0.5133486651334866,-2.000080704862288,0.022703318473166104,2.077575129283394,,0.7305574528802512,0.33784847566566034,1.8166485881008039,0.7364635973458822,0.31556844315568444,-0.06296497941265011,0.8563143685631437,False
terminal_spike_down,False,12,12,437,0.6807377817885216,-0.15314409224449488,50.0,2.012106499632395,1.188349027857094,-1.5637883471381917,-1.3793621966525726,-0.05173444069330338,-0.020777152058448767,0.732472222481825,0.28717963104614036,-0.6802166532797839,2.640340794239554,0.8198320057065629,0.429095364612907,0.8198320057065631,0.45945405459454053,-2.1086489186652497,0.012368227383336297,1.9607655342541292,,1.0912611939026429,0.26531728888596207,2.818744575038092,0.39341228505821046,0.6466353364663534,0.25701167571960903,0.5134486551344866,True
terminal_spike_down,False,24,12,437,2.043079720995703,0.3013978962402297,58.333333333333336,3.7257332544128903,1.624462665413584,-1.847878432479675,-1.6230676199270266,0.009010243777950644,0.03443606565030066,2.034069477217752,0.5956608050561568,-0.6147971386297842,5.413599887634276,1.2511652655641767,0.23634305852711524,1.2511652655641765,0.24337566243375663,-2.1305757196978803,-0.00247473638421194,2.0709570176953718,,2.248164699187908,0.19240942638318237,3.7738527946840783,1.349956449938682,0.44635536446355367,0.7702659190246111,0.1800819918008199,False
